{
    "tasks": {
        "sf": [
            [
                -4.0,
                0.0,
                0.0
            ],
            [
                2.0,
                -3.464101615137756,
                0.0
            ],
            [
                2.0,
                3.4641016151377535,
                0.0
            ]
        ],
        "so": [
            [
                4.0,
                0.0,
                0.0
            ],
            [
                -2.0,
                3.464101615137755,
                0.0
            ],
            [
                -2.0,
                -3.4641016151377535,
                0.0
            ]
        ]
    }
}