{
    "mpc_params": {
        "h": 0.1,
        "Ts": 0.01,
        "k_hor": 16,
        "mpc_tuning": {
            "w_pos_err": 10,
            "w_u_eff": 1,
            "spd_f": 3
        }
    },
    "physical_limits": {
        "p_min": [
            -10,
            -10
        ],
        "p_max": [
            10,
            10
        ],
        "v_min": [
            -1,
            -1,
            -2.6179938779914944
        ],
        "v_max": [
            1,
            1,
            2.6179938779914944
        ],
        "a_min": [
            -3.0,
            -3.0,
            -10.141592653589793
        ],
        "a_max": [
            3.0,
            3.0,
            10.141592653589793
        ],
        "pos_std": 0.001,
        "vel_std": 0.01
    },
    "pid_params": {
        "kp": 3,
        "ki": 0.1,
        "kd": 0.3
    },
    "robot_params": {
        "collision_shape": {
            "radius": 0.5
        }
    },
    "cbf_params": {
        "d_min": 2.0,
        "d_max": 8,
        "slack_mode": true,
        "slack_cost": 1000000,
        "slack_decay_rate": 0.1
    },
    "bezier_params": {
        "num_pieces": 3,
        "num_control_points": 4,
        "piece_max_parameter": 0.5
    },
    "tasks": {
        "so": [
            [
                -6.0,
                0.0,
                0.0
            ],
            [
                6.0,
                0.0,
                0.0
            ],
            [
                0.0,
                -6.0,
                0.0
            ],
            [
                0.0,
                6.0,
                0.0
            ],
            [
                -4.0,
                -4.0,
                0.0
            ],
            [
                -4.0,
                4.0,
                0.0
            ],
            [
                4.0,
                -4.0,
                0.0
            ],
            [
                4.0,
                4.0,
                0.0
            ]
        ],
        "sf": [
            [
                -5.0,
                3.0,
                0.0
            ],
            [
                -3.0,
                -5.0,
                0.0
            ],
            [
                3.0,
                -5.0,
                0.0
            ],
            [
                5.0,
                -3.0,
                0.0
            ],
            [
                5.0,
                3.0,
                0.0
            ],
            [
                3.0,
                5.0,
                0.0
            ],
            [
                -3.0,
                5.0,
                0.0
            ],
            [
                -5.0,
                -3.0,
                0.0
            ]
        ]
    }
}